Country,Industry,Gas Type,Year,Emissions
Africa,"Agriculture, Forestry and Fishing",Greenhouse gas,2010,746.6664872
Africa,Construction,Greenhouse gas,2010,14.969387
Africa,"Electricity, Gas, Steam and Air Conditioning Supply",Greenhouse gas,2010,426.0598798
Africa,Manufacturing,Greenhouse gas,2010,354.664695
Africa,Mining,Greenhouse gas,2010,535.5901641
Africa,Other Services Industries,Greenhouse gas,2010,33.08978825
Africa,Total Households,Greenhouse gas,2010,245.9346057
Africa,Total Industry and Households,Greenhouse gas,2010,2711.403263
Africa,Transportation and Storage,Greenhouse gas,2010,203.0916652
Africa,"Water supply; sewerage, waste management and remediation activities",Greenhouse gas,2010,151.3365911
Asia,"Agriculture, Forestry and Fishing",Greenhouse gas,2010,3079.353009
Asia,Construction,Greenhouse gas,2010,379.682036
Asia,"Electricity, Gas, Steam and Air Conditioning Supply",Greenhouse gas,2010,6605.720707
Asia,Manufacturing,Greenhouse gas,2010,6215.866922
Asia,Mining,Greenhouse gas,2010,2322.091418
Asia,Other Services Industries,Greenhouse gas,2010,420.6946865
Asia,Total Households,Greenhouse gas,2010,1695.83556
Asia,Total Industry and Households,Greenhouse gas,2010,23065.66302
Asia,Transportation and Storage,Greenhouse gas,2010,1602.704419
Asia,"Water supply; sewerage, waste management and remediation activities",Greenhouse gas,2010,743.7142607
Europe,"Agriculture, Forestry and Fishing",Greenhouse gas,2010,730.7775574
Europe,Construction,Greenhouse gas,2010,73.03000612
Europe,"Electricity, Gas, Steam and Air Conditioning Supply",Greenhouse gas,2010,2366.867387
Europe,Manufacturing,Greenhouse gas,2010,1504.692515
Europe,Mining,Greenhouse gas,2010,352.8786434
Europe,Other Services Industries,Greenhouse gas,2010,387.436992
Europe,Total Households,Greenhouse gas,2010,1284.053605
Europe,Total Industry and Households,Greenhouse gas,2010,7779.188344
Europe,Transportation and Storage,Greenhouse gas,2010,776.7357907
Europe,"Water supply; sewerage, waste management and remediation activities",Greenhouse gas,2010,302.715848
Northern America,"Agriculture, Forestry and Fishing",Greenhouse gas,2010,665.4459063
Northern America,Construction,Greenhouse gas,2010,131.3137908
Northern America,"Electricity, Gas, Steam and Air Conditioning Supply",Greenhouse gas,2010,2457.800726
Northern America,Manufacturing,Greenhouse gas,2010,1069.792091
Northern America,Mining,Greenhouse gas,2010,491.0283096
Northern America,Other Services Industries,Greenhouse gas,2010,1000.015042
Northern America,Total Households,Greenhouse gas,2010,1331.773015
Northern America,Total Industry and Households,Greenhouse gas,2010,8042.254929
Northern America,Transportation and Storage,Greenhouse gas,2010,847.4256064
Northern America,"Water supply; sewerage, waste management and remediation activities",Greenhouse gas,2010,47.66044147
Oceania,"Agriculture, Forestry and Fishing",Greenhouse gas,2010,119.6083081
Oceania,Construction,Greenhouse gas,2010,3.062038816
Oceania,"Electricity, Gas, Steam and Air Conditioning Supply",Greenhouse gas,2010,216.6313675
Oceania,Manufacturing,Greenhouse gas,2010,70.8426863
Oceania,Mining,Greenhouse gas,2010,54.67068228
Oceania,Other Services Industries,Greenhouse gas,2010,10.54297348
Oceania,Total Households,Greenhouse gas,2010,64.59390413
Oceania,Total Industry and Households,Greenhouse gas,2010,635.1336126
Oceania,Transportation and Storage,Greenhouse gas,2010,78.06231081
Oceania,"Water supply; sewerage, waste management and remediation activities",Greenhouse gas,2010,17.11934113
Africa,"Agriculture, Forestry and Fishing",Greenhouse gas,2011,759.2237998
Africa,Construction,Greenhouse gas,2011,14.91376415
Africa,"Electricity, Gas, Steam and Air Conditioning Supply",Greenhouse gas,2011,425.0097008
Africa,Manufacturing,Greenhouse gas,2011,350.4684788
Africa,Mining,Greenhouse gas,2011,512.5150957
Africa,Other Services Industries,Greenhouse gas,2011,34.58594438
Africa,Total Households,Greenhouse gas,2011,255.9502846
Africa,Total Industry and Households,Greenhouse gas,2011,2718.22729
Africa,Transportation and Storage,Greenhouse gas,2011,209.0207022
Africa,"Water supply; sewerage, waste management and remediation activities",Greenhouse gas,2011,156.5395196
Asia,"Agriculture, Forestry and Fishing",Greenhouse gas,2011,3119.930523
Asia,Construction,Greenhouse gas,2011,398.892241
Asia,"Electricity, Gas, Steam and Air Conditioning Supply",Greenhouse gas,2011,7268.613492
Asia,Manufacturing,Greenhouse gas,2011,6586.976215
Asia,Mining,Greenhouse gas,2011,2504.621313
Asia,Other Services Industries,Greenhouse gas,2011,414.5791777
Asia,Total Households,Greenhouse gas,2011,1768.037321
Asia,Total Industry and Households,Greenhouse gas,2011,24517.48683
Asia,Transportation and Storage,Greenhouse gas,2011,1681.993141
Asia,"Water supply; sewerage, waste management and remediation activities",Greenhouse gas,2011,773.8434054
Europe,"Agriculture, Forestry and Fishing",Greenhouse gas,2011,737.7808184
Europe,Construction,Greenhouse gas,2011,75.16401477
Europe,"Electricity, Gas, Steam and Air Conditioning Supply",Greenhouse gas,2011,2364.26244
Europe,Manufacturing,Greenhouse gas,2011,1505.342424
Europe,Mining,Greenhouse gas,2011,350.5332716
Europe,Other Services Industries,Greenhouse gas,2011,372.5863868
Europe,Total Households,Greenhouse gas,2011,1218.981264
Europe,Total Industry and Households,Greenhouse gas,2011,7709.655683
Europe,Transportation and Storage,Greenhouse gas,2011,786.2539797
Europe,"Water supply; sewerage, waste management and remediation activities",Greenhouse gas,2011,298.7510835
Northern America,"Agriculture, Forestry and Fishing",Greenhouse gas,2011,656.6527571
Northern America,Construction,Greenhouse gas,2011,120.0170664
Northern America,"Electricity, Gas, Steam and Air Conditioning Supply",Greenhouse gas,2011,2345.512175
Northern America,Manufacturing,Greenhouse gas,2011,1102.991314
Northern America,Mining,Greenhouse gas,2011,489.0223414
Northern America,Other Services Industries,Greenhouse gas,2011,970.962406
Northern America,Total Households,Greenhouse gas,2011,1247.046893
Northern America,Total Industry and Households,Greenhouse gas,2011,7828.567492
Northern America,Transportation and Storage,Greenhouse gas,2011,849.289549
Northern America,"Water supply; sewerage, waste management and remediation activities",Greenhouse gas,2011,47.07298943
Oceania,"Agriculture, Forestry and Fishing",Greenhouse gas,2011,124.8080224
Oceania,Construction,Greenhouse gas,2011,3.125454247
Oceania,"Electricity, Gas, Steam and Air Conditioning Supply",Greenhouse gas,2011,210.1255731
Oceania,Manufacturing,Greenhouse gas,2011,71.05703417
Oceania,Mining,Greenhouse gas,2011,54.41663089
Oceania,Other Services Industries,Greenhouse gas,2011,11.06389595
Oceania,Total Households,Greenhouse gas,2011,65.38804285
Oceania,Total Industry and Households,Greenhouse gas,2011,637.5849112
Oceania,Transportation and Storage,Greenhouse gas,2011,80.82507271
Oceania,"Water supply; sewerage, waste management and remediation activities",Greenhouse gas,2011,16.77518484
Africa,"Agriculture, Forestry and Fishing",Greenhouse gas,2012,783.9547221
Africa,Construction,Greenhouse gas,2012,14.84018515
Africa,"Electricity, Gas, Steam and Air Conditioning Supply",Greenhouse gas,2012,446.9927123
Africa,Manufacturing,Greenhouse gas,2012,364.6417309
Africa,Mining,Greenhouse gas,2012,543.1391788
Africa,Other Services Industries,Greenhouse gas,2012,37.6226853
Africa,Total Households,Greenhouse gas,2012,275.7422369
Africa,Total Industry and Households,Greenhouse gas,2012,2853.91026
Africa,Transportation and Storage,Greenhouse gas,2012,222.671626
Africa,"Water supply; sewerage, waste management and remediation activities",Greenhouse gas,2012,164.3051828
Asia,"Agriculture, Forestry and Fishing",Greenhouse gas,2012,3122.388257
Asia,Construction,Greenhouse gas,2012,401.8528577
Asia,"Electricity, Gas, Steam and Air Conditioning Supply",Greenhouse gas,2012,7641.260288
Asia,Manufacturing,Greenhouse gas,2012,6738.085153
Asia,Mining,Greenhouse gas,2012,2528.824634
Asia,Other Services Industries,Greenhouse gas,2012,416.6506502
Asia,Total Households,Greenhouse gas,2012,1853.222861
Asia,Total Industry and Households,Greenhouse gas,2012,25255.99131
Asia,Transportation and Storage,Greenhouse gas,2012,1760.836645
Asia,"Water supply; sewerage, waste management and remediation activities",Greenhouse gas,2012,792.8699599
Europe,"Agriculture, Forestry and Fishing",Greenhouse gas,2012,725.9368022
Europe,Construction,Greenhouse gas,2012,73.87673275
Europe,"Electricity, Gas, Steam and Air Conditioning Supply",Greenhouse gas,2012,2373.568859
Europe,Manufacturing,Greenhouse gas,2012,1490.048031
Europe,Mining,Greenhouse gas,2012,352.8504697
Europe,Other Services Industries,Greenhouse gas,2012,372.5236788
Europe,Total Households,Greenhouse gas,2012,1218.053016
Europe,Total Industry and Households,Greenhouse gas,2012,7663.484493
Europe,Transportation and Storage,Greenhouse gas,2012,758.8221933
Europe,"Water supply; sewerage, waste management and remediation activities",Greenhouse gas,2012,297.8047106
Northern America,"Agriculture, Forestry and Fishing",Greenhouse gas,2012,654.5300284
Northern America,Construction,Greenhouse gas,2012,126.4982062
Northern America,"Electricity, Gas, Steam and Air Conditioning Supply",Greenhouse gas,2012,2203.825637
Northern America,Manufacturing,Greenhouse gas,2012,1100.230198
Northern America,Mining,Greenhouse gas,2012,492.0893704
Northern America,Other Services Industries,Greenhouse gas,2012,874.6953928
Northern America,Total Households,Greenhouse gas,2012,1103.112607
Northern America,Total Industry and Households,Greenhouse gas,2012,7443.520128
Northern America,Transportation and Storage,Greenhouse gas,2012,841.4481718
Northern America,"Water supply; sewerage, waste management and remediation activities",Greenhouse gas,2012,47.09051632
Oceania,"Agriculture, Forestry and Fishing",Greenhouse gas,2012,127.5411022
Oceania,Construction,Greenhouse gas,2012,3.119967592
Oceania,"Electricity, Gas, Steam and Air Conditioning Supply",Greenhouse gas,2012,211.9036206
Oceania,Manufacturing,Greenhouse gas,2012,68.67144748
Oceania,Mining,Greenhouse gas,2012,56.12591993
Oceania,Other Services Industries,Greenhouse gas,2012,11.39652544
Oceania,Total Households,Greenhouse gas,2012,65.87886135
Oceania,Total Industry and Households,Greenhouse gas,2012,641.6778767
Oceania,Transportation and Storage,Greenhouse gas,2012,81.41717231
Oceania,"Water supply; sewerage, waste management and remediation activities",Greenhouse gas,2012,15.62325973
Africa,"Agriculture, Forestry and Fishing",Greenhouse gas,2013,800.4054204
Africa,Construction,Greenhouse gas,2013,15.77951799
Africa,"Electricity, Gas, Steam and Air Conditioning Supply",Greenhouse gas,2013,457.4453534
Africa,Manufacturing,Greenhouse gas,2013,369.5084746
Africa,Mining,Greenhouse gas,2013,522.6475093
Africa,Other Services Industries,Greenhouse gas,2013,38.17622583
Africa,Total Households,Greenhouse gas,2013,290.96263
Africa,Total Industry and Households,Greenhouse gas,2013,2900.743152
Africa,Transportation and Storage,Greenhouse gas,2013,236.62832
Africa,"Water supply; sewerage, waste management and remediation activities",Greenhouse gas,2013,169.189701
Asia,"Agriculture, Forestry and Fishing",Greenhouse gas,2013,3144.042878
Asia,Construction,Greenhouse gas,2013,403.47593
Asia,"Electricity, Gas, Steam and Air Conditioning Supply",Greenhouse gas,2013,7976.674018
Asia,Manufacturing,Greenhouse gas,2013,6920.001845
Asia,Mining,Greenhouse gas,2013,2526.378466
Asia,Other Services Industries,Greenhouse gas,2013,437.263138
Asia,Total Households,Greenhouse gas,2013,1899.032908
Asia,Total Industry and Households,Greenhouse gas,2013,25949.47868
Asia,Transportation and Storage,Greenhouse gas,2013,1826.193094
Asia,"Water supply; sewerage, waste management and remediation activities",Greenhouse gas,2013,816.4163978
Europe,"Agriculture, Forestry and Fishing",Greenhouse gas,2013,737.0066574
Europe,Construction,Greenhouse gas,2013,73.29660523
Europe,"Electricity, Gas, Steam and Air Conditioning Supply",Greenhouse gas,2013,2226.018236
Europe,Manufacturing,Greenhouse gas,2013,1472.945247
Europe,Mining,Greenhouse gas,2013,338.2666684
Europe,Other Services Industries,Greenhouse gas,2013,362.5130483
Europe,Total Households,Greenhouse gas,2013,1232.037964
Europe,Total Industry and Households,Greenhouse gas,2013,7479.949256
Europe,Transportation and Storage,Greenhouse gas,2013,745.2333756
Europe,"Water supply; sewerage, waste management and remediation activities",Greenhouse gas,2013,292.6314539
Northern America,"Agriculture, Forestry and Fishing",Greenhouse gas,2013,699.0215945
Northern America,Construction,Greenhouse gas,2013,128.5021965
Northern America,"Electricity, Gas, Steam and Air Conditioning Supply",Greenhouse gas,2013,2217.399912
Northern America,Manufacturing,Greenhouse gas,2013,1137.519887
Northern America,Mining,Greenhouse gas,2013,508.1194174
Northern America,Other Services Industries,Greenhouse gas,2013,914.476792
Northern America,Total Households,Greenhouse gas,2013,1147.574629
Northern America,Total Industry and Households,Greenhouse gas,2013,7644.977614
Northern America,Transportation and Storage,Greenhouse gas,2013,844.4530714
Northern America,"Water supply; sewerage, waste management and remediation activities",Greenhouse gas,2013,47.91011463
Oceania,"Agriculture, Forestry and Fishing",Greenhouse gas,2013,127.9596977
Oceania,Construction,Greenhouse gas,2013,3.115222668
Oceania,"Electricity, Gas, Steam and Air Conditioning Supply",Greenhouse gas,2013,200.4363525
Oceania,Manufacturing,Greenhouse gas,2013,67.61903166
Oceania,Mining,Greenhouse gas,2013,58.69026374
Oceania,Other Services Industries,Greenhouse gas,2013,11.78695842
Oceania,Total Households,Greenhouse gas,2013,64.94740776
Oceania,Total Industry and Households,Greenhouse gas,2013,630.7296074
Oceania,Transportation and Storage,Greenhouse gas,2013,81.38300975
Oceania,"Water supply; sewerage, waste management and remediation activities",Greenhouse gas,2013,14.79166313
Africa,"Agriculture, Forestry and Fishing",Greenhouse gas,2014,815.1420687
Africa,Construction,Greenhouse gas,2014,16.03844946
Africa,"Electricity, Gas, Steam and Air Conditioning Supply",Greenhouse gas,2014,485.9919102
Africa,Manufacturing,Greenhouse gas,2014,379.3542751
Africa,Mining,Greenhouse gas,2014,518.5512328
Africa,Other Services Industries,Greenhouse gas,2014,38.73343058
Africa,Total Households,Greenhouse gas,2014,300.3475525
Africa,Total Industry and Households,Greenhouse gas,2014,2973.709389
Africa,Transportation and Storage,Greenhouse gas,2014,245.6610062
Africa,"Water supply; sewerage, waste management and remediation activities",Greenhouse gas,2014,173.8894638
Asia,"Agriculture, Forestry and Fishing",Greenhouse gas,2014,3123.515817
Asia,Construction,Greenhouse gas,2014,409.3439834
Asia,"Electricity, Gas, Steam and Air Conditioning Supply",Greenhouse gas,2014,8190.727236
Asia,Manufacturing,Greenhouse gas,2014,7090.380097
Asia,Mining,Greenhouse gas,2014,2560.783318
Asia,Other Services Industries,Greenhouse gas,2014,442.5299306
Asia,Total Households,Greenhouse gas,2014,1935.159834
Asia,Total Industry and Households,Greenhouse gas,2014,26488.36905
Asia,Transportation and Storage,Greenhouse gas,2014,1897.20777
Asia,"Water supply; sewerage, waste management and remediation activities",Greenhouse gas,2014,838.7210654
Europe,"Agriculture, Forestry and Fishing",Greenhouse gas,2014,746.9155177
Europe,Construction,Greenhouse gas,2014,71.68335636
Europe,"Electricity, Gas, Steam and Air Conditioning Supply",Greenhouse gas,2014,2103.790669
Europe,Manufacturing,Greenhouse gas,2014,1435.733168
Europe,Mining,Greenhouse gas,2014,333.7090105
Europe,Other Services Industries,Greenhouse gas,2014,336.7996802
Europe,Total Households,Greenhouse gas,2014,1174.111013
Europe,Total Industry and Households,Greenhouse gas,2014,7235.029891
Europe,Transportation and Storage,Greenhouse gas,2014,744.4964808
Europe,"Water supply; sewerage, waste management and remediation activities",Greenhouse gas,2014,287.7909948
Northern America,"Agriculture, Forestry and Fishing",Greenhouse gas,2014,703.9127757
Northern America,Construction,Greenhouse gas,2014,116.6766134
Northern America,"Electricity, Gas, Steam and Air Conditioning Supply",Greenhouse gas,2014,2213.297505
Northern America,Manufacturing,Greenhouse gas,2014,1142.462285
Northern America,Mining,Greenhouse gas,2014,504.0470844
Northern America,Other Services Industries,Greenhouse gas,2014,933.5968579
Northern America,Total Households,Greenhouse gas,2014,1179.110663
Northern America,Total Industry and Households,Greenhouse gas,2014,7693.658786
Northern America,Transportation and Storage,Greenhouse gas,2014,852.8722488
Northern America,"Water supply; sewerage, waste management and remediation activities",Greenhouse gas,2014,47.68275306
Oceania,"Agriculture, Forestry and Fishing",Greenhouse gas,2014,128.414608
Oceania,Construction,Greenhouse gas,2014,3.190610528
Oceania,"Electricity, Gas, Steam and Air Conditioning Supply",Greenhouse gas,2014,195.1007639
Oceania,Manufacturing,Greenhouse gas,2014,66.94375841
Oceania,Mining,Greenhouse gas,2014,58.78655755
Oceania,Other Services Industries,Greenhouse gas,2014,12.62406467
Oceania,Total Households,Greenhouse gas,2014,65.17938389
Oceania,Total Industry and Households,Greenhouse gas,2014,627.9319352
Oceania,Transportation and Storage,Greenhouse gas,2014,82.81195382
Oceania,"Water supply; sewerage, waste management and remediation activities",Greenhouse gas,2014,14.8802344
Africa,"Agriculture, Forestry and Fishing",Greenhouse gas,2015,830.342939
Africa,Construction,Greenhouse gas,2015,15.63048183
Africa,"Electricity, Gas, Steam and Air Conditioning Supply",Greenhouse gas,2015,482.6612446
Africa,Manufacturing,Greenhouse gas,2015,381.0275394
Africa,Mining,Greenhouse gas,2015,518.5885906
Africa,Other Services Industries,Greenhouse gas,2015,38.540281
Africa,Total Households,Greenhouse gas,2015,302.1556563
Africa,Total Industry and Households,Greenhouse gas,2015,2997.08024
Africa,Transportation and Storage,Greenhouse gas,2015,249.4650897
Africa,"Water supply; sewerage, waste management and remediation activities",Greenhouse gas,2015,178.668418
Asia,"Agriculture, Forestry and Fishing",Greenhouse gas,2015,3156.061579
Asia,Construction,Greenhouse gas,2015,402.7632637
Asia,"Electricity, Gas, Steam and Air Conditioning Supply",Greenhouse gas,2015,8084.429541
Asia,Manufacturing,Greenhouse gas,2015,6988.727299
Asia,Mining,Greenhouse gas,2015,2538.835257
Asia,Other Services Industries,Greenhouse gas,2015,467.6571069
Asia,Total Households,Greenhouse gas,2015,1985.107558
Asia,Total Industry and Households,Greenhouse gas,2015,26460.88422
Asia,Transportation and Storage,Greenhouse gas,2015,1975.176678
Asia,"Water supply; sewerage, waste management and remediation activities",Greenhouse gas,2015,862.1259326
Europe,"Agriculture, Forestry and Fishing",Greenhouse gas,2015,745.1889557
Europe,Construction,Greenhouse gas,2015,73.71594033
Europe,"Electricity, Gas, Steam and Air Conditioning Supply",Greenhouse gas,2015,2031.499638
Europe,Manufacturing,Greenhouse gas,2015,1426.060826
Europe,Mining,Greenhouse gas,2015,329.7710777
Europe,Other Services Industries,Greenhouse gas,2015,341.6884472
Europe,Total Households,Greenhouse gas,2015,1212.840463
Europe,Total Industry and Households,Greenhouse gas,2015,7234.257706
Europe,Transportation and Storage,Greenhouse gas,2015,785.6368567
Europe,"Water supply; sewerage, waste management and remediation activities",Greenhouse gas,2015,287.8555013
Northern America,"Agriculture, Forestry and Fishing",Greenhouse gas,2015,710.8125374
Northern America,Construction,Greenhouse gas,2015,111.983209
Northern America,"Electricity, Gas, Steam and Air Conditioning Supply",Greenhouse gas,2015,2078.026799
Northern America,Manufacturing,Greenhouse gas,2015,1119.683896
Northern America,Mining,Greenhouse gas,2015,505.712813
Northern America,Other Services Industries,Greenhouse gas,2015,950.0987009
Northern America,Total Households,Greenhouse gas,2015,1149.906962
Northern America,Total Industry and Households,Greenhouse gas,2015,7531.269007
Northern America,Transportation and Storage,Greenhouse gas,2015,857.2970436
Northern America,"Water supply; sewerage, waste management and remediation activities",Greenhouse gas,2015,47.74704609
Oceania,"Agriculture, Forestry and Fishing",Greenhouse gas,2015,125.337625
Oceania,Construction,Greenhouse gas,2015,3.501218334
Oceania,"Electricity, Gas, Steam and Air Conditioning Supply",Greenhouse gas,2015,203.0872259
Oceania,Manufacturing,Greenhouse gas,2015,62.70778648
Oceania,Mining,Greenhouse gas,2015,63.46060931
Oceania,Other Services Industries,Greenhouse gas,2015,13.04355805
Oceania,Total Households,Greenhouse gas,2015,67.7896369
Oceania,Total Industry and Households,Greenhouse gas,2015,637.8394539
Oceania,Transportation and Storage,Greenhouse gas,2015,84.38754467
Oceania,"Water supply; sewerage, waste management and remediation activities",Greenhouse gas,2015,14.52424922
Africa,"Agriculture, Forestry and Fishing",Greenhouse gas,2016,857.0290479
Africa,Construction,Greenhouse gas,2016,15.84105325
Africa,"Electricity, Gas, Steam and Air Conditioning Supply",Greenhouse gas,2016,482.3878066
Africa,Manufacturing,Greenhouse gas,2016,398.3521804
Africa,Mining,Greenhouse gas,2016,496.6467011
Africa,Other Services Industries,Greenhouse gas,2016,37.5571145
Africa,Total Households,Greenhouse gas,2016,308.2311399
Africa,Total Industry and Households,Greenhouse gas,2016,3036.473007
Africa,Transportation and Storage,Greenhouse gas,2016,257.0890679
Africa,"Water supply; sewerage, waste management and remediation activities",Greenhouse gas,2016,183.3388952
Asia,"Agriculture, Forestry and Fishing",Greenhouse gas,2016,3166.617272
Asia,Construction,Greenhouse gas,2016,391.0023287
Asia,"Electricity, Gas, Steam and Air Conditioning Supply",Greenhouse gas,2016,8294.824312
Asia,Manufacturing,Greenhouse gas,2016,6968.33148
Asia,Mining,Greenhouse gas,2016,2536.941165
Asia,Other Services Industries,Greenhouse gas,2016,471.8844875
Asia,Total Households,Greenhouse gas,2016,2028.912905
Asia,Total Industry and Households,Greenhouse gas,2016,26768.48318
Asia,Transportation and Storage,Greenhouse gas,2016,2028.880381
Asia,"Water supply; sewerage, waste management and remediation activities",Greenhouse gas,2016,881.0888442
Europe,"Agriculture, Forestry and Fishing",Greenhouse gas,2016,754.1149367
Europe,Construction,Greenhouse gas,2016,76.33081952
Europe,"Electricity, Gas, Steam and Air Conditioning Supply",Greenhouse gas,2016,1989.950455
Europe,Manufacturing,Greenhouse gas,2016,1429.626333
Europe,Mining,Greenhouse gas,2016,335.3884876
Europe,Other Services Industries,Greenhouse gas,2016,343.551301
Europe,Total Households,Greenhouse gas,2016,1227.242486
Europe,Total Industry and Households,Greenhouse gas,2016,7226.351104
Europe,Transportation and Storage,Greenhouse gas,2016,780.9574389
Europe,"Water supply; sewerage, waste management and remediation activities",Greenhouse gas,2016,289.1888463
Northern America,"Agriculture, Forestry and Fishing",Greenhouse gas,2016,699.9427024
Northern America,Construction,Greenhouse gas,2016,110.8371828
Northern America,"Electricity, Gas, Steam and Air Conditioning Supply",Greenhouse gas,2016,1979.987643
Northern America,Manufacturing,Greenhouse gas,2016,1100.620077
Northern America,Mining,Greenhouse gas,2016,458.0240027
Northern America,Other Services Industries,Greenhouse gas,2016,943.6412114
Northern America,Total Households,Greenhouse gas,2016,1136.333843
Northern America,Total Industry and Households,Greenhouse gas,2016,7347.389091
Northern America,Transportation and Storage,Greenhouse gas,2016,870.0413338
Northern America,"Water supply; sewerage, waste management and remediation activities",Greenhouse gas,2016,47.9610961
Oceania,"Agriculture, Forestry and Fishing",Greenhouse gas,2016,124.0747232
Oceania,Construction,Greenhouse gas,2016,3.742515259
Oceania,"Electricity, Gas, Steam and Air Conditioning Supply",Greenhouse gas,2016,209.6489555
Oceania,Manufacturing,Greenhouse gas,2016,60.3258163
Oceania,Mining,Greenhouse gas,2016,66.85756238
Oceania,Other Services Industries,Greenhouse gas,2016,13.60386153
Oceania,Total Households,Greenhouse gas,2016,68.67039414
Oceania,Total Industry and Households,Greenhouse gas,2016,647.6718359
Oceania,Transportation and Storage,Greenhouse gas,2016,85.67117218
Oceania,"Water supply; sewerage, waste management and remediation activities",Greenhouse gas,2016,15.07683545
Africa,"Agriculture, Forestry and Fishing",Greenhouse gas,2017,866.5754581
Africa,Construction,Greenhouse gas,2017,16.15473657
Africa,"Electricity, Gas, Steam and Air Conditioning Supply",Greenhouse gas,2017,486.0074661
Africa,Manufacturing,Greenhouse gas,2017,410.9039411
Africa,Mining,Greenhouse gas,2017,513.941327
Africa,Other Services Industries,Greenhouse gas,2017,41.72377789
Africa,Total Households,Greenhouse gas,2017,318.7643331
Africa,Total Industry and Households,Greenhouse gas,2017,3106.096474
Africa,Transportation and Storage,Greenhouse gas,2017,262.0538627
Africa,"Water supply; sewerage, waste management and remediation activities",Greenhouse gas,2017,189.9715713
Asia,"Agriculture, Forestry and Fishing",Greenhouse gas,2017,3173.490867
Asia,Construction,Greenhouse gas,2017,384.0771474
Asia,"Electricity, Gas, Steam and Air Conditioning Supply",Greenhouse gas,2017,8740.916303
Asia,Manufacturing,Greenhouse gas,2017,7008.621698
Asia,Mining,Greenhouse gas,2017,2560.944015
Asia,Other Services Industries,Greenhouse gas,2017,481.7001117
Asia,Total Households,Greenhouse gas,2017,2093.863732
Asia,Total Industry and Households,Greenhouse gas,2017,27461.67926
Asia,Transportation and Storage,Greenhouse gas,2017,2118.807733
Asia,"Water supply; sewerage, waste management and remediation activities",Greenhouse gas,2017,899.2576471
Europe,"Agriculture, Forestry and Fishing",Greenhouse gas,2017,751.4264095
Europe,Construction,Greenhouse gas,2017,77.64882569
Europe,"Electricity, Gas, Steam and Air Conditioning Supply",Greenhouse gas,2017,1959.55777
Europe,Manufacturing,Greenhouse gas,2017,1472.212051
Europe,Mining,Greenhouse gas,2017,339.2858035
Europe,Other Services Industries,Greenhouse gas,2017,363.3481774
Europe,Total Households,Greenhouse gas,2017,1234.684802
Europe,Total Industry and Households,Greenhouse gas,2017,7291.496261
Europe,Transportation and Storage,Greenhouse gas,2017,800.8361662
Europe,"Water supply; sewerage, waste management and remediation activities",Greenhouse gas,2017,292.4962548
Northern America,"Agriculture, Forestry and Fishing",Greenhouse gas,2017,702.1621963
Northern America,Construction,Greenhouse gas,2017,118.6678534
Northern America,"Electricity, Gas, Steam and Air Conditioning Supply",Greenhouse gas,2017,1899.704683
Northern America,Manufacturing,Greenhouse gas,2017,1098.722497
Northern America,Mining,Greenhouse gas,2017,483.7420185
Northern America,Other Services Industries,Greenhouse gas,2017,945.8842608
Northern America,Total Households,Greenhouse gas,2017,1136.000604
Northern America,Total Industry and Households,Greenhouse gas,2017,7320.713821
Northern America,Transportation and Storage,Greenhouse gas,2017,887.319825
Northern America,"Water supply; sewerage, waste management and remediation activities",Greenhouse gas,2017,48.50988336
Oceania,"Agriculture, Forestry and Fishing",Greenhouse gas,2017,128.498952
Oceania,Construction,Greenhouse gas,2017,4.113914901
Oceania,"Electricity, Gas, Steam and Air Conditioning Supply",Greenhouse gas,2017,204.8516713
Oceania,Manufacturing,Greenhouse gas,2017,59.76533982
Oceania,Mining,Greenhouse gas,2017,72.4413902
Oceania,Other Services Industries,Greenhouse gas,2017,13.60684954
Oceania,Total Households,Greenhouse gas,2017,69.53755168
Oceania,Total Industry and Households,Greenhouse gas,2017,655.9540136
Oceania,Transportation and Storage,Greenhouse gas,2017,87.80097975
Oceania,"Water supply; sewerage, waste management and remediation activities",Greenhouse gas,2017,15.33736444
Africa,"Agriculture, Forestry and Fishing",Greenhouse gas,2018,881.8525813
Africa,Construction,Greenhouse gas,2018,17.34363861
Africa,"Electricity, Gas, Steam and Air Conditioning Supply",Greenhouse gas,2018,490.3078705
Africa,Manufacturing,Greenhouse gas,2018,431.2149201
Africa,Mining,Greenhouse gas,2018,521.7753647
Africa,Other Services Industries,Greenhouse gas,2018,40.82551616
Africa,Total Households,Greenhouse gas,2018,321.7173861
Africa,Total Industry and Households,Greenhouse gas,2018,3167.559007
Africa,Transportation and Storage,Greenhouse gas,2018,267.4306103
Africa,"Water supply; sewerage, waste management and remediation activities",Greenhouse gas,2018,195.0911189
Asia,"Agriculture, Forestry and Fishing",Greenhouse gas,2018,3166.517308
Asia,Construction,Greenhouse gas,2018,394.0602174
Asia,"Electricity, Gas, Steam and Air Conditioning Supply",Greenhouse gas,2018,9225.116737
Asia,Manufacturing,Greenhouse gas,2018,7224.153139
Asia,Mining,Greenhouse gas,2018,2658.248582
Asia,Other Services Industries,Greenhouse gas,2018,475.9744773
Asia,Total Households,Greenhouse gas,2018,2114.352518
Asia,Total Industry and Households,Greenhouse gas,2018,28361.69571
Asia,Transportation and Storage,Greenhouse gas,2018,2187.821345
Asia,"Water supply; sewerage, waste management and remediation activities",Greenhouse gas,2018,915.4513922
Europe,"Agriculture, Forestry and Fishing",Greenhouse gas,2018,753.6183322
Europe,Construction,Greenhouse gas,2018,76.91334323
Europe,"Electricity, Gas, Steam and Air Conditioning Supply",Greenhouse gas,2018,1928.186033
Europe,Manufacturing,Greenhouse gas,2018,1468.373439
Europe,Mining,Greenhouse gas,2018,347.6601653
Europe,Other Services Industries,Greenhouse gas,2018,353.1644589
Europe,Total Households,Greenhouse gas,2018,1255.324853
Europe,Total Industry and Households,Greenhouse gas,2018,7305.004474
Europe,Transportation and Storage,Greenhouse gas,2018,827.6953329
Europe,"Water supply; sewerage, waste management and remediation activities",Greenhouse gas,2018,294.0685173
Northern America,"Agriculture, Forestry and Fishing",Greenhouse gas,2018,845.1222209
Northern America,Construction,Greenhouse gas,2018,226.4043608
Northern America,"Electricity, Gas, Steam and Air Conditioning Supply",Greenhouse gas,2018,1976.124812
Northern America,Manufacturing,Greenhouse gas,2018,1063.223168
Northern America,Mining,Greenhouse gas,2018,544.5073056
Northern America,Other Services Industries,Greenhouse gas,2018,726.847002
Northern America,Total Households,Greenhouse gas,2018,1304.444878
Northern America,Total Industry and Households,Greenhouse gas,2018,7661.349099
Northern America,Transportation and Storage,Greenhouse gas,2018,944.9771569
Northern America,"Water supply; sewerage, waste management and remediation activities",Greenhouse gas,2018,29.69819469
Oceania,"Agriculture, Forestry and Fishing",Greenhouse gas,2018,127.5976929
Oceania,Construction,Greenhouse gas,2018,4.644404769
Oceania,"Electricity, Gas, Steam and Air Conditioning Supply",Greenhouse gas,2018,200.1850939
Oceania,Manufacturing,Greenhouse gas,2018,61.08696417
Oceania,Mining,Greenhouse gas,2018,77.8873677
Oceania,Other Services Industries,Greenhouse gas,2018,13.56554262
Oceania,Total Households,Greenhouse gas,2018,69.44482854
Oceania,Total Industry and Households,Greenhouse gas,2018,659.7876351
Oceania,Transportation and Storage,Greenhouse gas,2018,90.1168009
Oceania,"Water supply; sewerage, waste management and remediation activities",Greenhouse gas,2018,15.25893954
Africa,"Agriculture, Forestry and Fishing",Greenhouse gas,2019,900.1634716
Africa,Construction,Greenhouse gas,2019,16.64876205
Africa,"Electricity, Gas, Steam and Air Conditioning Supply",Greenhouse gas,2019,510.0817923
Africa,Manufacturing,Greenhouse gas,2019,432.0571097
Africa,Mining,Greenhouse gas,2019,530.9673652
Africa,Other Services Industries,Greenhouse gas,2019,40.06944192
Africa,Total Households,Greenhouse gas,2019,323.1603553
Africa,Total Industry and Households,Greenhouse gas,2019,3221.392808
Africa,Transportation and Storage,Greenhouse gas,2019,268.5218158
Africa,"Water supply; sewerage, waste management and remediation activities",Greenhouse gas,2019,199.722694
Asia,"Agriculture, Forestry and Fishing",Greenhouse gas,2019,3167.529595
Asia,Construction,Greenhouse gas,2019,401.0137363
Asia,"Electricity, Gas, Steam and Air Conditioning Supply",Greenhouse gas,2019,9369.527544
Asia,Manufacturing,Greenhouse gas,2019,7452.076507
Asia,Mining,Greenhouse gas,2019,2692.442896
Asia,Other Services Industries,Greenhouse gas,2019,446.2057538
Asia,Total Households,Greenhouse gas,2019,2117.600729
Asia,Total Industry and Households,Greenhouse gas,2019,28780.44672
Asia,Transportation and Storage,Greenhouse gas,2019,2203.448437
Asia,"Water supply; sewerage, waste management and remediation activities",Greenhouse gas,2019,930.6015274
Europe,"Agriculture, Forestry and Fishing",Greenhouse gas,2019,748.1731589
Europe,Construction,Greenhouse gas,2019,75.87983048
Europe,"Electricity, Gas, Steam and Air Conditioning Supply",Greenhouse gas,2019,1775.306342
Europe,Manufacturing,Greenhouse gas,2019,1441.201133
Europe,Mining,Greenhouse gas,2019,354.7708713
Europe,Other Services Industries,Greenhouse gas,2019,328.5542988
Europe,Total Households,Greenhouse gas,2019,1246.887436
Europe,Total Industry and Households,Greenhouse gas,2019,7112.995679
Europe,Transportation and Storage,Greenhouse gas,2019,847.8723828
Europe,"Water supply; sewerage, waste management and remediation activities",Greenhouse gas,2019,294.3502256
Northern America,"Agriculture, Forestry and Fishing",Greenhouse gas,2019,821.3477139
Northern America,Construction,Greenhouse gas,2019,223.6063723
Northern America,"Electricity, Gas, Steam and Air Conditioning Supply",Greenhouse gas,2019,1823.101622
Northern America,Manufacturing,Greenhouse gas,2019,1061.787167
Northern America,Mining,Greenhouse gas,2019,542.6749442
Northern America,Other Services Industries,Greenhouse gas,2019,734.4269783
Northern America,Total Households,Greenhouse gas,2019,1296.363189
Northern America,Total Industry and Households,Greenhouse gas,2019,7490.097012
Northern America,Transportation and Storage,Greenhouse gas,2019,956.9166621
Northern America,"Water supply; sewerage, waste management and remediation activities",Greenhouse gas,2019,29.87236274
Oceania,"Agriculture, Forestry and Fishing",Greenhouse gas,2019,121.3017629
Oceania,Construction,Greenhouse gas,2019,4.549493765
Oceania,"Electricity, Gas, Steam and Air Conditioning Supply",Greenhouse gas,2019,196.5709195
Oceania,Manufacturing,Greenhouse gas,2019,60.4587377
Oceania,Mining,Greenhouse gas,2019,82.98405087
Oceania,Other Services Industries,Greenhouse gas,2019,14.22993288
Oceania,Total Households,Greenhouse gas,2019,69.51883092
Oceania,Total Industry and Households,Greenhouse gas,2019,653.593469
Oceania,Transportation and Storage,Greenhouse gas,2019,89.06799006
Oceania,"Water supply; sewerage, waste management and remediation activities",Greenhouse gas,2019,14.91175039
Africa,"Agriculture, Forestry and Fishing",Greenhouse gas,2020,927.8965816
Africa,Construction,Greenhouse gas,2020,15.22656465
Africa,"Electricity, Gas, Steam and Air Conditioning Supply",Greenhouse gas,2020,456.9424869
Africa,Manufacturing,Greenhouse gas,2020,412.5225406
Africa,Mining,Greenhouse gas,2020,473.038314
Africa,Other Services Industries,Greenhouse gas,2020,39.81318266
Africa,Total Households,Greenhouse gas,2020,309.640545
Africa,Total Industry and Households,Greenhouse gas,2020,3081.295029
Africa,Transportation and Storage,Greenhouse gas,2020,241.735995
Africa,"Water supply; sewerage, waste management and remediation activities",Greenhouse gas,2020,204.478819
Asia,"Agriculture, Forestry and Fishing",Greenhouse gas,2020,3227.345226
Asia,Construction,Greenhouse gas,2020,401.5111404
Asia,"Electricity, Gas, Steam and Air Conditioning Supply",Greenhouse gas,2020,9342.299569
Asia,Manufacturing,Greenhouse gas,2020,7488.860456
Asia,Mining,Greenhouse gas,2020,2635.371774
Asia,Other Services Industries,Greenhouse gas,2020,436.069063
Asia,Total Households,Greenhouse gas,2020,2024.245308
Asia,Total Industry and Households,Greenhouse gas,2020,28481.44945
Asia,Transportation and Storage,Greenhouse gas,2020,1973.154709
Asia,"Water supply; sewerage, waste management and remediation activities",Greenhouse gas,2020,952.5922094
Europe,"Agriculture, Forestry and Fishing",Greenhouse gas,2020,749.7807006
Europe,Construction,Greenhouse gas,2020,69.89707129
Europe,"Electricity, Gas, Steam and Air Conditioning Supply",Greenhouse gas,2020,1645.440173
Europe,Manufacturing,Greenhouse gas,2020,1378.19671
Europe,Mining,Greenhouse gas,2020,342.7616132
Europe,Other Services Industries,Greenhouse gas,2020,301.2193208
Europe,Total Households,Greenhouse gas,2020,1105.300617
Europe,Total Industry and Households,Greenhouse gas,2020,6556.431859
Europe,Transportation and Storage,Greenhouse gas,2020,671.5449015
Europe,"Water supply; sewerage, waste management and remediation activities",Greenhouse gas,2020,292.2907512
Northern America,"Agriculture, Forestry and Fishing",Greenhouse gas,2020,791.4472357
Northern America,Construction,Greenhouse gas,2020,205.4435111
Northern America,"Electricity, Gas, Steam and Air Conditioning Supply",Greenhouse gas,2020,1643.764923
Northern America,Manufacturing,Greenhouse gas,2020,1005.097845
Northern America,Mining,Greenhouse gas,2020,484.9294728
Northern America,Other Services Industries,Greenhouse gas,2020,654.3383383
Northern America,Total Households,Greenhouse gas,2020,1139.590913
Northern America,Total Industry and Households,Greenhouse gas,2020,6758.418267
Northern America,Transportation and Storage,Greenhouse gas,2020,804.4057753
Northern America,"Water supply; sewerage, waste management and remediation activities",Greenhouse gas,2020,29.40025358
Oceania,"Agriculture, Forestry and Fishing",Greenhouse gas,2020,118.5102124
Oceania,Construction,Greenhouse gas,2020,4.288898446
Oceania,"Electricity, Gas, Steam and Air Conditioning Supply",Greenhouse gas,2020,189.1523967
Oceania,Manufacturing,Greenhouse gas,2020,59.53549391
Oceania,Mining,Greenhouse gas,2020,81.7480142
Oceania,Other Services Industries,Greenhouse gas,2020,14.23830757
Oceania,Total Households,Greenhouse gas,2020,64.69893461
Oceania,Total Industry and Households,Greenhouse gas,2020,625.4932583
Oceania,Transportation and Storage,Greenhouse gas,2020,78.5537412
Oceania,"Water supply; sewerage, waste management and remediation activities",Greenhouse gas,2020,14.76725938
Africa,"Agriculture, Forestry and Fishing",Greenhouse gas,2021,933.5614707
Africa,Construction,Greenhouse gas,2021,16.68914265
Africa,"Electricity, Gas, Steam and Air Conditioning Supply",Greenhouse gas,2021,483.43182
Africa,Manufacturing,Greenhouse gas,2021,446.2762234
Africa,Mining,Greenhouse gas,2021,480.3156864
Africa,Other Services Industries,Greenhouse gas,2021,40.74652216
Africa,Total Households,Greenhouse gas,2021,325.7788661
Africa,Total Industry and Households,Greenhouse gas,2021,3197.304087
Africa,Transportation and Storage,Greenhouse gas,2021,257.9240152
Africa,"Water supply; sewerage, waste management and remediation activities",Greenhouse gas,2021,212.5803405
Asia,"Agriculture, Forestry and Fishing",Greenhouse gas,2021,3242.566583
Asia,Construction,Greenhouse gas,2021,406.6144107
Asia,"Electricity, Gas, Steam and Air Conditioning Supply",Greenhouse gas,2021,10111.99809
Asia,Manufacturing,Greenhouse gas,2021,7648.762006
Asia,Mining,Greenhouse gas,2021,2722.888579
Asia,Other Services Industries,Greenhouse gas,2021,429.1607
Asia,Total Households,Greenhouse gas,2021,2074.141953
Asia,Total Industry and Households,Greenhouse gas,2021,29681.20016
Asia,Transportation and Storage,Greenhouse gas,2021,2065.917181
Asia,"Water supply; sewerage, waste management and remediation activities",Greenhouse gas,2021,979.1506585
Europe,"Agriculture, Forestry and Fishing",Greenhouse gas,2021,754.4566437
Europe,Construction,Greenhouse gas,2021,77.06176506
Europe,"Electricity, Gas, Steam and Air Conditioning Supply",Greenhouse gas,2021,1770.393625
Europe,Manufacturing,Greenhouse gas,2021,1429.413094
Europe,Mining,Greenhouse gas,2021,361.7920536
Europe,Other Services Industries,Greenhouse gas,2021,307.5278287
Europe,Total Households,Greenhouse gas,2021,1161.571035
Europe,Total Industry and Households,Greenhouse gas,2021,6869.153769
Europe,Transportation and Storage,Greenhouse gas,2021,714.1016497
Europe,"Water supply; sewerage, waste management and remediation activities",Greenhouse gas,2021,292.8360737
Northern America,"Agriculture, Forestry and Fishing",Greenhouse gas,2021,799.7543223
Northern America,Construction,Greenhouse gas,2021,214.3692842
Northern America,"Electricity, Gas, Steam and Air Conditioning Supply",Greenhouse gas,2021,1746.38802
Northern America,Manufacturing,Greenhouse gas,2021,1035.169658
Northern America,Mining,Greenhouse gas,2021,476.1400769
Northern America,Other Services Industries,Greenhouse gas,2021,676.7903824
Northern America,Total Households,Greenhouse gas,2021,1232.239032
Northern America,Total Industry and Households,Greenhouse gas,2021,7106.289095
Northern America,Transportation and Storage,Greenhouse gas,2021,896.0363294
Northern America,"Water supply; sewerage, waste management and remediation activities",Greenhouse gas,2021,29.4019899
Oceania,"Agriculture, Forestry and Fishing",Greenhouse gas,2021,123.490417
Oceania,Construction,Greenhouse gas,2021,4.571652613
Oceania,"Electricity, Gas, Steam and Air Conditioning Supply",Greenhouse gas,2021,181.2589365
Oceania,Manufacturing,Greenhouse gas,2021,59.4479145
Oceania,Mining,Greenhouse gas,2021,77.86743337
Oceania,Other Services Industries,Greenhouse gas,2021,14.71837136
Oceania,Total Households,Greenhouse gas,2021,65.64957035
Oceania,Total Industry and Households,Greenhouse gas,2021,619.5002822
Oceania,Transportation and Storage,Greenhouse gas,2021,77.62235219
Oceania,"Water supply; sewerage, waste management and remediation activities",Greenhouse gas,2021,14.87363431
Africa,"Agriculture, Forestry and Fishing",Greenhouse gas,2022,953.9680739
Africa,Construction,Greenhouse gas,2022,16.33954349
Africa,"Electricity, Gas, Steam and Air Conditioning Supply",Greenhouse gas,2022,480.3659608
Africa,Manufacturing,Greenhouse gas,2022,442.0367989
Africa,Mining,Greenhouse gas,2022,469.7923897
Africa,Other Services Industries,Greenhouse gas,2022,41.3183201
Africa,Total Households,Greenhouse gas,2022,327.976015
Africa,Total Industry and Households,Greenhouse gas,2022,3214.535997
Africa,Transportation and Storage,Greenhouse gas,2022,264.5870615
Africa,"Water supply; sewerage, waste management and remediation activities",Greenhouse gas,2022,218.1518337
Asia,"Agriculture, Forestry and Fishing",Greenhouse gas,2022,3247.427058
Asia,Construction,Greenhouse gas,2022,399.4689129
Asia,"Electricity, Gas, Steam and Air Conditioning Supply",Greenhouse gas,2022,10280.27123
Asia,Manufacturing,Greenhouse gas,2022,7532.194669
Asia,Mining,Greenhouse gas,2022,2838.544729
Asia,Other Services Industries,Greenhouse gas,2022,438.5558871
Asia,Total Households,Greenhouse gas,2022,2133.415694
Asia,Total Industry and Households,Greenhouse gas,2022,29999.586
Asia,Transportation and Storage,Greenhouse gas,2022,2131.578694
Asia,"Water supply; sewerage, waste management and remediation activities",Greenhouse gas,2022,998.1291191
Europe,"Agriculture, Forestry and Fishing",Greenhouse gas,2022,739.0334879
Europe,Construction,Greenhouse gas,2022,78.05582185
Europe,"Electricity, Gas, Steam and Air Conditioning Supply",Greenhouse gas,2022,1786.002579
Europe,Manufacturing,Greenhouse gas,2022,1343.992105
Europe,Mining,Greenhouse gas,2022,359.9774478
Europe,Other Services Industries,Greenhouse gas,2022,297.1049313
Europe,Total Households,Greenhouse gas,2022,1126.990506
Europe,Total Industry and Households,Greenhouse gas,2022,6796.860544
Europe,Transportation and Storage,Greenhouse gas,2022,771.5530707
Europe,"Water supply; sewerage, waste management and remediation activities",Greenhouse gas,2022,294.1505942
Northern America,"Agriculture, Forestry and Fishing",Greenhouse gas,2022,791.3170704
Northern America,Construction,Greenhouse gas,2022,219.0793708
Northern America,"Electricity, Gas, Steam and Air Conditioning Supply",Greenhouse gas,2022,1737.347825
Northern America,Manufacturing,Greenhouse gas,2022,1035.663162
Northern America,Mining,Greenhouse gas,2022,465.822838
Northern America,Other Services Industries,Greenhouse gas,2022,668.825791
Northern America,Total Households,Greenhouse gas,2022,1266.099022
Northern America,Total Industry and Households,Greenhouse gas,2022,7162.833447
Northern America,Transportation and Storage,Greenhouse gas,2022,948.7865191
Northern America,"Water supply; sewerage, waste management and remediation activities",Greenhouse gas,2022,29.89184934
Oceania,"Agriculture, Forestry and Fishing",Greenhouse gas,2022,123.4203314
Oceania,Construction,Greenhouse gas,2022,4.542662424
Oceania,"Electricity, Gas, Steam and Air Conditioning Supply",Greenhouse gas,2022,172.0807439
Oceania,Manufacturing,Greenhouse gas,2022,58.99112961
Oceania,Mining,Greenhouse gas,2022,75.22131272
Oceania,Other Services Industries,Greenhouse gas,2022,14.96163233
Oceania,Total Households,Greenhouse gas,2022,65.55217186
Oceania,Total Industry and Households,Greenhouse gas,2022,612.1921687
Oceania,Transportation and Storage,Greenhouse gas,2022,82.52180838
Oceania,"Water supply; sewerage, waste management and remediation activities",Greenhouse gas,2022,14.90037608
Africa,"Agriculture, Forestry and Fishing",Greenhouse gas,2023,971.1539437
Africa,Construction,Greenhouse gas,2023,16.35527409
Africa,"Electricity, Gas, Steam and Air Conditioning Supply",Greenhouse gas,2023,467.6157654
Africa,Manufacturing,Greenhouse gas,2023,447.9404138
Africa,Mining,Greenhouse gas,2023,476.4606894
Africa,Other Services Industries,Greenhouse gas,2023,40.95893681
Africa,Total Households,Greenhouse gas,2023,326.7882982
Africa,Total Industry and Households,Greenhouse gas,2023,3238.204293
Africa,Transportation and Storage,Greenhouse gas,2023,267.6918657
Africa,"Water supply; sewerage, waste management and remediation activities",Greenhouse gas,2023,223.239106
Asia,"Agriculture, Forestry and Fishing",Greenhouse gas,2023,3260.25818
Asia,Construction,Greenhouse gas,2023,419.178442
Asia,"Electricity, Gas, Steam and Air Conditioning Supply",Greenhouse gas,2023,10809.03208
Asia,Manufacturing,Greenhouse gas,2023,7740.191291
Asia,Mining,Greenhouse gas,2023,2957.749583
Asia,Other Services Industries,Greenhouse gas,2023,453.2719371
Asia,Total Households,Greenhouse gas,2023,2216.880614
Asia,Total Industry and Households,Greenhouse gas,2023,31179.58234
Asia,Transportation and Storage,Greenhouse gas,2023,2299.752986
Asia,"Water supply; sewerage, waste management and remediation activities",Greenhouse gas,2023,1023.267224
Europe,"Agriculture, Forestry and Fishing",Greenhouse gas,2023,735.8107036
Europe,Construction,Greenhouse gas,2023,76.10123464
Europe,"Electricity, Gas, Steam and Air Conditioning Supply",Greenhouse gas,2023,1634.018753
Europe,Manufacturing,Greenhouse gas,2023,1288.409318
Europe,Mining,Greenhouse gas,2023,365.3301105
Europe,Other Services Industries,Greenhouse gas,2023,288.2433856
Europe,Total Households,Greenhouse gas,2023,1100.204623
Europe,Total Industry and Households,Greenhouse gas,2023,6574.896051
Europe,Transportation and Storage,Greenhouse gas,2023,786.1457221
Europe,"Water supply; sewerage, waste management and remediation activities",Greenhouse gas,2023,300.6321999
Northern America,"Agriculture, Forestry and Fishing",Greenhouse gas,2023,788.8009743
Northern America,Construction,Greenhouse gas,2023,216.2155212
Northern America,"Electricity, Gas, Steam and Air Conditioning Supply",Greenhouse gas,2023,1629.123891
Northern America,Manufacturing,Greenhouse gas,2023,1016.027696
Northern America,Mining,Greenhouse gas,2023,479.4023719
Northern America,Other Services Industries,Greenhouse gas,2023,671.6854518
Northern America,Total Households,Greenhouse gas,2023,1269.647947
Northern America,Total Industry and Households,Greenhouse gas,2023,7064.950577
Northern America,Transportation and Storage,Greenhouse gas,2023,963.8803146
Northern America,"Water supply; sewerage, waste management and remediation activities",Greenhouse gas,2023,30.1664084
Oceania,"Agriculture, Forestry and Fishing",Greenhouse gas,2023,125.0664073
Oceania,Construction,Greenhouse gas,2023,4.542943505
Oceania,"Electricity, Gas, Steam and Air Conditioning Supply",Greenhouse gas,2023,165.8733819
Oceania,Manufacturing,Greenhouse gas,2023,58.07389953
Oceania,Mining,Greenhouse gas,2023,74.94047344
Oceania,Other Services Industries,Greenhouse gas,2023,15.39020141
Oceania,Total Households,Greenhouse gas,2023,68.52768817
Oceania,Total Industry and Households,Greenhouse gas,2023,615.9545326
Oceania,Transportation and Storage,Greenhouse gas,2023,88.63185501
Oceania,"Water supply; sewerage, waste management and remediation activities",Greenhouse gas,2023,14.90768236
